Date,Settle,Relative Value,Settle Delta,Rel Val Delta,Signal,Profit,EC
2019-11-01,1784.3,1654.8036399999994,,13.279509999997117,1.0,,
2019-10-25,1744.2,1641.5241300000023,40.09999999999991,39.21088000000259,1.0,40.09999999999991,-201.400000000001
2019-10-18,1717.6,1602.3132499999997,26.600000000000136,32.90298999999959,1.0,26.600000000000136,-241.5000000000009
2019-10-11,1670.1,1569.41026,47.5,6.0608500000003005,1.0,47.5,-268.10000000000105
2019-10-04,1642.4,1563.3494099999998,27.699999999999818,14.864769999999226,1.0,27.699999999999818,-315.60000000000105
2019-09-27,1652.9,1548.4846400000006,-10.5,14.524449999998296,1.0,-10.5,-343.30000000000086
2019-09-20,1626.8,1533.9601900000023,26.100000000000136,-2.1696399999977984,-1.0,-26.100000000000136,-332.80000000000086
2019-09-13,1600.5,1536.12983,26.299999999999955,-28.514869999999746,-1.0,-26.299999999999955,-306.7000000000007
2019-09-06,1544.1,1564.6446999999998,56.40000000000009,134.4460799999972,1.0,56.40000000000009,-280.4000000000008
2019-08-30,1538.6,1430.1986200000026,5.5,-5.207809999998062,-1.0,-5.5,-336.80000000000086
2019-08-23,1454.3,1435.4064300000007,84.29999999999995,5.702769999995553,1.0,84.29999999999995,-331.30000000000086
2019-08-16,1441.3,1429.7036600000051,13.0,-9.447418571421167,-1.0,-13.0,-415.6000000000008
2019-08-09,1419.3,1439.1510785714263,22.0,-33.61574142857194,-1.0,-22.0,-402.6000000000008
2019-08-02,1404.2,1472.7668199999982,15.099999999999909,-47.31965999999761,-1.0,-15.099999999999909,-380.6000000000008
2019-07-26,1531.0,1520.0864799999958,-126.79999999999995,16.032029999999622,1.0,-126.79999999999995,-365.5000000000009
2019-07-19,1508.3,1504.0544499999962,22.700000000000045,-39.897089999999025,-1.0,-22.700000000000045,-238.70000000000095
2019-07-12,1542.4,1543.9515399999952,-34.100000000000136,19.383339999993495,1.0,-34.100000000000136,-216.0000000000009
2019-07-05,1564.2,1524.5682000000018,-21.799999999999955,20.63338000000249,1.0,-21.799999999999955,-181.90000000000077
2019-06-28,1537.6,1503.9348199999993,26.600000000000136,81.45391142857488,1.0,26.600000000000136,-160.10000000000082
2019-06-21,1491.3,1422.4809085714244,46.299999999999955,47.783009999994874,1.0,46.299999999999955,-186.70000000000095
2019-06-14,1452.7,1374.6978985714295,38.59999999999991,25.659678571424138,1.0,38.59999999999991,-233.0000000000009
2019-06-07,1349.5,1349.0382200000054,103.20000000000005,9.023324761909635,1.0,103.20000000000005,-271.6000000000008
2019-05-31,1333.9,1340.0148952380957,15.599999999999909,-7.642364761906947,-1.0,-15.599999999999909,-374.80000000000086
2019-05-24,1330.4,1347.6572600000027,3.5,12.492179999999053,1.0,3.5,-359.20000000000095
2019-05-17,1310.5,1335.1650800000036,19.90000000000009,-9.207639999999401,-1.0,-19.90000000000009,-362.70000000000095
2019-05-10,1355.4,1344.372720000003,-44.90000000000009,-11.410049999999273,-1.0,44.90000000000009,-342.80000000000086
2019-05-03,1362.7,1355.7827700000023,-7.2999999999999545,-16.78642666666724,-1.0,7.2999999999999545,-387.70000000000095
2019-04-26,1452.2,1372.5691966666695,-89.5,-9.737513333328934,-1.0,89.5,-395.0000000000009
2019-04-12,1355.2,1382.3067099999985,97.0,-10.078229999999849,-1.0,-97.0,-484.5000000000009
2019-04-05,1349.1,1392.3849399999983,6.100000000000136,-82.91276000000562,-1.0,-6.100000000000136,-387.5000000000009
2019-03-29,1345.0,1475.297700000004,4.099999999999909,27.652180000002772,1.0,4.099999999999909,-381.4000000000008
2019-03-22,1535.9,1447.6455200000012,-190.9000000000001,12.670940666672095,1.0,-190.9000000000001,-385.5000000000007
2019-03-15,1535.6,1434.974579333329,0.3000000000001819,118.662089333327,1.0,0.3000000000001819,-194.6000000000006
2019-03-08,1489.0,1316.312490000002,46.59999999999991,-106.68688999999767,-1.0,-46.59999999999991,-194.90000000000077
2019-03-01,1536.6,1422.9993799999997,-47.59999999999991,41.3361299999965,1.0,-47.59999999999991,-148.30000000000086
2019-02-22,1462.2,1381.6632500000032,74.39999999999986,53.57609000000025,1.0,74.39999999999986,-100.70000000000095
2019-02-15,1407.2,1328.087160000003,55.0,67.09059933333356,1.0,55.0,-175.10000000000082
2019-02-08,1371.2,1260.9965606666694,36.0,-23.327879333329292,-1.0,-36.0,-230.10000000000082
2019-02-01,1313.6,1284.3244399999987,57.600000000000136,-5.299905238098518,-1.0,-57.600000000000136,-194.10000000000082
2019-01-25,1319.8,1289.6243452380972,-6.2000000000000455,62.64411057142752,1.0,-6.2000000000000455,-136.50000000000068
2019-01-18,1335.1,1226.9802346666697,-15.299999999999955,-43.44807533333119,-1.0,15.299999999999955,-130.30000000000064
2019-01-11,1278.7,1270.428310000001,56.399999999999864,22.97438999999963,1.0,56.399999999999864,-145.6000000000006
2019-01-04,1234.4,1247.4539200000013,44.299999999999955,14.470470000003615,1.0,44.299999999999955,-202.00000000000045
2018-12-28,1183.4,1232.9834499999977,51.0,29.703929999995125,1.0,51.0,-246.3000000000004
2018-12-21,1207.7,1203.2795200000025,-24.299999999999955,10.278230000002395,1.0,-24.299999999999955,-297.3000000000004
2018-12-14,1198.6,1193.0012900000002,9.100000000000136,28.30587999999898,1.0,9.100000000000136,-273.00000000000045
2018-12-07,1196.4,1164.6954100000012,2.199999999999818,16.876129999997374,1.0,2.199999999999818,-282.1000000000006
2018-11-30,1168.6,1147.8192800000038,27.800000000000182,4.4597300000014,1.0,27.800000000000182,-284.3000000000004
2018-11-23,1114.5,1143.3595500000024,54.09999999999991,-14.84194999999886,-1.0,-54.09999999999991,-312.1000000000006
2018-11-16,1154.6,1158.2015000000013,-40.09999999999991,17.58126000000152,1.0,-40.09999999999991,-258.0000000000007
2018-11-09,1097.5,1140.6202399999997,57.09999999999991,5.008559999997942,1.0,57.09999999999991,-217.90000000000077
2018-11-02,1104.5,1135.6116800000018,-7.0,34.935251999997945,1.0,-7.0,-275.0000000000007
2018-10-26,1085.9,1100.6764280000039,18.59999999999991,41.807593166671495,1.0,18.59999999999991,-268.0000000000007
2018-10-19,1069.9,1058.8688348333324,16.0,-16.56452516666809,-1.0,-16.0,-286.6000000000006
2018-10-12,1060.8,1075.4333600000004,9.100000000000136,31.03113283333346,1.0,9.100000000000136,-270.6000000000006
2018-10-05,1057.1,1044.402227166667,3.7000000000000455,20.74926033333452,1.0,3.7000000000000455,-279.7000000000007
2018-09-28,1072.8,1023.6529668333325,-15.700000000000045,8.817115619047513,1.0,-15.700000000000045,-283.4000000000008
2018-09-21,1066.9,1014.835851214285,5.899999999999864,6.832818214283748,1.0,5.899999999999864,-267.7000000000007
2018-09-14,998.8,1008.0030330000012,68.10000000000014,27.067184166666152,1.0,68.10000000000014,-273.6000000000006
2018-09-07,987.8,980.9358488333351,11.0,18.19224050000048,1.0,11.0,-341.7000000000007
2018-08-31,980.3,962.7436083333346,7.5,-184.45204766666666,-1.0,-7.5,-352.7000000000007
2018-08-24,928.6,1147.1956560000012,51.69999999999993,-22.106133999998974,-1.0,-51.69999999999993,-345.2000000000007
2018-08-17,877.8,1169.3017900000002,50.80000000000007,199.61384050000026,1.0,50.80000000000007,-293.5000000000008
2018-08-10,901.1,969.6879495,-23.300000000000068,37.605659499998296,1.0,-23.300000000000068,-344.30000000000086
2018-08-03,907.9,932.0822900000016,-6.7999999999999545,22.269097333333548,1.0,-6.7999999999999545,-321.0000000000008
2018-07-27,918.5,909.8131926666681,-10.600000000000023,-22.611717999996813,-1.0,10.600000000000023,-314.20000000000084
2018-07-20,888.9,932.4249106666649,29.600000000000023,-19.405972666666116,-1.0,-29.600000000000023,-324.80000000000086
2018-07-13,932.8,951.830883333331,-43.89999999999998,-2.7097156666698083,-1.0,43.89999999999998,-295.20000000000084
2018-07-06,947.6,954.5405990000008,-14.800000000000068,1.8549196666659782,1.0,-14.800000000000068,-339.1000000000008
2018-06-29,950.9,952.6856793333349,-3.2999999999999545,-25.20171866666476,-1.0,3.2999999999999545,-324.30000000000075
2018-06-22,956.3,977.8873979999996,-5.399999999999977,-30.17706666666436,-1.0,5.399999999999977,-327.6000000000007
2018-06-15,993.8,1008.064464666664,-37.5,19.68365133333134,1.0,-37.5,-333.0000000000007
2018-06-08,1018.0,988.3808133333326,-24.200000000000045,-3.3699093333322026,-1.0,24.200000000000045,-295.5000000000007
2018-06-01,1002.1,991.7507226666648,15.899999999999977,6.549076666663268,1.0,15.899999999999977,-319.7000000000007
2018-05-25,979.0,985.2016460000016,23.100000000000023,-0.4886046666671291,-1.0,-23.100000000000023,-335.6000000000007
2018-05-18,962.4,985.6902506666687,16.600000000000023,17.819929428571868,1.0,16.600000000000023,-312.5000000000007
2018-05-11,987.4,967.8703212380968,-25.0,-2.4756733333326792,-1.0,25.0,-329.1000000000007
2018-05-04,959.45,970.3459945714295,27.949999999999932,-10.131517428571442,-1.0,-27.949999999999932,-354.1000000000007
2018-04-27,965.2,980.477512000001,-5.75,1.6922519999991437,1.0,-5.75,-326.1500000000008
2018-04-20,1031.2,978.7852600000018,-66.0,19.407854333334967,1.0,-66.0,-320.4000000000008
2018-04-13,981.95,959.3774056666668,49.25,5.060200000000577,1.0,49.25,-254.40000000000077
2018-04-06,896.15,954.3172056666663,85.80000000000007,-22.594604999999433,-1.0,-85.80000000000007,-303.6500000000008
2018-03-23,975.05,976.9118106666657,-78.89999999999998,-2.41837266666937,-1.0,78.89999999999998,-217.8500000000007
2018-03-16,992.3,979.3301833333351,-17.25,-17.135692666665477,-1.0,17.25,-296.7500000000007
2018-03-09,990.6,996.4658760000005,1.6999999999999318,-64.35519433333286,-1.0,-1.6999999999999318,-314.0000000000007
2018-03-02,995.45,1060.8210703333334,-4.850000000000023,41.372765500000924,1.0,-4.850000000000023,-312.30000000000075
2018-02-23,1041.15,1019.4483048333325,-45.700000000000045,33.70065666666562,1.0,-45.700000000000045,-307.4500000000007
2018-02-16,1035.75,985.7476481666669,5.400000000000091,-40.43235216666392,-1.0,-5.400000000000091,-261.7500000000007
2018-02-09,963.35,1026.1800003333308,72.39999999999998,-5.28194935714464,-1.0,-72.39999999999998,-256.3500000000006
2018-02-02,1044.95,1031.4619496904754,-81.60000000000002,-6.65640383333357,-1.0,81.60000000000002,-183.9500000000006
2018-01-26,1085.05,1038.118353523809,-40.09999999999991,-13.984010476190406,-1.0,40.09999999999991,-265.55000000000064
2018-01-19,1098.4,1052.1023639999994,-13.350000000000136,12.83838983333385,1.0,-13.350000000000136,-305.65000000000055
2018-01-12,1105.35,1039.2639741666655,-6.949999999999818,-2.6140896666665867,-1.0,6.949999999999818,-292.3000000000004
2018-01-05,1082.2,1041.8780638333321,23.149999999999864,11.651747333331741,1.0,23.149999999999864,-299.2500000000002
2017-12-29,1061.0,1030.2263165000004,21.200000000000045,37.93591614285765,1.0,21.200000000000045,-322.4000000000001
2017-12-22,1044.85,992.2904003571427,16.15000000000009,6.934686523809091,1.0,16.15000000000009,-343.60000000000014
2017-12-15,1028.75,985.3557138333337,16.09999999999991,-17.72898907142917,-1.0,-16.09999999999991,-359.7500000000002
2017-12-08,1009.75,1003.0847029047628,19.0,-28.61447166666437,-1.0,-19.0,-343.6500000000003
2017-12-01,1020.05,1031.6991745714272,-10.299999999999955,24.79527507142859,1.0,-10.299999999999955,-324.6500000000003
2017-11-24,993.7,1006.9038994999986,26.34999999999991,14.469714499998986,1.0,26.34999999999991,-314.35000000000036
2017-11-17,992.9,992.4341849999996,0.8000000000000682,5.248709999998596,1.0,0.8000000000000682,-340.7000000000003
2017-11-10,993.1,987.185475000001,-0.20000000000004547,13.440878999999882,1.0,-0.20000000000004547,-341.50000000000034
2017-11-03,991.5,973.7445960000011,1.6000000000000227,54.85107933333245,1.0,1.6000000000000227,-341.3000000000003
2017-10-27,958.25,918.8935166666687,33.25,-27.58413799999812,-1.0,-33.25,-342.9000000000003
2017-10-20,969.85,946.4776546666668,-11.600000000000023,41.709529333335354,1.0,-11.600000000000023,-309.6500000000003
2017-10-13,985.5,904.7681253333315,-15.649999999999977,3.2182553333344686,1.0,-15.649999999999977,-298.0500000000003
2017-10-06,919.0,901.549869999997,66.5,-20.45561000000032,-1.0,-66.5,-282.4000000000003
2017-09-29,936.85,922.0054799999973,-17.850000000000023,-5.927490000000262,-1.0,17.850000000000023,-215.90000000000032
2017-09-22,920.5,927.9329699999976,16.350000000000023,-151.2744100000018,-1.0,-16.350000000000023,-233.75000000000034
2017-09-15,927.4,1079.2073799999994,-6.899999999999977,25.46748999999886,1.0,-6.899999999999977,-217.40000000000032
2017-09-08,936.95,1053.7398900000005,-9.550000000000068,78.88966750000282,1.0,-9.550000000000068,-210.50000000000034
2017-09-01,981.15,974.8502224999977,-44.19999999999993,53.30099449999932,1.0,-44.19999999999993,-200.95000000000027
2017-08-25,931.05,921.5492279999984,50.10000000000002,18.352988666667557,1.0,50.10000000000002,-156.75000000000034
2017-08-18,927.1,903.1962393333308,3.949999999999932,9.201392666666948,1.0,3.949999999999932,-206.85000000000036
2017-08-11,894.7,893.9948466666639,32.39999999999998,-10.409293333334517,-1.0,-32.39999999999998,-210.8000000000003
2017-08-04,874.8,904.4041399999984,19.90000000000009,49.57945333333225,1.0,19.90000000000009,-178.40000000000032
2017-07-28,880.15,854.8246866666661,-5.350000000000023,-15.531779666666921,-1.0,5.350000000000023,-198.3000000000004
2017-07-21,844.35,870.3564663333331,35.799999999999955,34.97650349999958,1.0,35.799999999999955,-203.65000000000043
2017-07-14,856.75,835.3799628333335,-12.399999999999977,-6.483737166664582,-1.0,12.399999999999977,-239.4500000000004
2017-07-07,831.25,841.8636999999981,25.5,-25.552219333335756,-1.0,-25.5,-251.85000000000036
2017-06-30,836.65,867.4159193333338,-5.399999999999977,-31.86360295238319,-1.0,5.399999999999977,-226.35000000000036
2017-06-23,874.55,899.279522285717,-37.89999999999998,52.21061628571488,1.0,-37.89999999999998,-231.75000000000034
2017-06-16,888.65,847.0689060000021,-14.100000000000023,-19.969643999998993,-1.0,14.100000000000023,-193.85000000000036
2017-06-09,864.6,867.0385500000011,24.049999999999955,46.749009999999316,1.0,24.049999999999955,-207.9500000000004
2017-06-02,837.95,820.2895400000018,26.649999999999977,28.67166000000043,1.0,26.649999999999977,-232.00000000000034
2017-05-26,786.95,791.6178800000014,51.0,-27.54028333333224,-1.0,-51.0,-258.6500000000003
2017-05-19,760.55,819.1581633333336,26.40000000000009,-0.42877800000030675,-1.0,-26.40000000000009,-207.65000000000032
2017-05-12,803.35,819.5869413333339,-42.80000000000007,-11.569293333333349,-1.0,42.80000000000007,-181.25000000000023
2017-05-05,812.9,831.1562346666673,-9.549999999999955,31.68007799999998,1.0,-9.549999999999955,-224.0500000000003
2017-04-28,826.55,799.4761566666673,-13.649999999999977,4.423090833332935,1.0,-13.649999999999977,-214.50000000000034
2017-04-21,790.6,795.0530658333344,35.94999999999993,-12.600615404760333,-1.0,-35.94999999999993,-200.85000000000036
2017-04-07,803.55,807.6536812380947,-12.949999999999932,8.1763896666655,1.0,-12.949999999999932,-164.90000000000043
2017-03-31,798.15,799.4772915714292,5.399999999999977,23.707884238096767,1.0,5.399999999999977,-151.9500000000005
2017-03-24,815.1,775.7694073333324,-16.950000000000045,-2.5143826666683253,-1.0,16.950000000000045,-157.35000000000048
2017-03-17,777.8,778.2837900000007,37.30000000000007,-10.641593619045238,-1.0,-37.30000000000007,-174.30000000000052
2017-03-10,746.0,788.925383619046,31.799999999999955,-35.952396380953815,-1.0,-31.799999999999955,-137.00000000000045
2017-03-03,767.85,824.8777799999998,-21.850000000000023,32.27199500000086,1.0,-21.850000000000023,-105.2000000000005
2017-02-24,771.65,792.605784999999,-3.7999999999999545,-13.493408999999929,-1.0,3.7999999999999545,-83.35000000000048
2017-02-17,779.2,806.0991939999989,-7.550000000000068,36.097648341270315,1.0,-7.550000000000068,-87.15000000000043
2017-02-10,783.1,770.0015456587286,-3.8999999999999773,18.385278039679406,1.0,-3.8999999999999773,-79.60000000000036
2017-02-03,749.0,751.6162676190492,34.10000000000002,-3.202612658728526,-1.0,-34.10000000000002,-75.70000000000039
2017-01-27,738.6,754.8188802777777,10.399999999999977,26.62164111111042,1.0,10.399999999999977,-41.600000000000364
2017-01-20,788.4,728.1972391666673,-49.799999999999955,-19.032148452381193,-1.0,49.799999999999955,-52.00000000000034
2017-01-13,749.15,747.2293876190485,39.25,96.13315395238112,1.0,39.25,-101.8000000000003
2017-01-06,758.35,651.0962336666673,-9.200000000000045,-54.37765583333237,-1.0,9.200000000000045,-141.0500000000003
2016-12-30,683.25,705.4738894999997,75.10000000000002,-6.867362000001094,-1.0,-75.10000000000002,-150.25000000000034
2016-12-23,655.35,712.3412515000008,27.899999999999977,-21.39250033333269,-1.0,-27.899999999999977,-75.15000000000032
2016-12-16,697.9,733.7337518333335,-42.549999999999955,-5.737675666666291,-1.0,42.549999999999955,-47.25000000000034
2016-12-09,735.15,739.4714274999998,-37.25,-38.45918838095315,-1.0,37.25,-89.8000000000003
2016-12-02,744.8,777.9306158809529,-9.649999999999977,91.23754421428771,1.0,-9.649999999999977,-127.0500000000003
2016-11-25,741.05,686.6930716666652,3.75,23.168151666664926,1.0,3.75,-117.40000000000032
2016-11-18,727.8,663.5249200000003,13.25,28.086424952379957,1.0,13.25,-121.15000000000032
2016-11-11,684.7,635.4384950476203,43.09999999999991,36.44029304761966,1.0,43.09999999999991,-134.40000000000032
2016-11-04,624.8,598.9982020000007,59.90000000000009,-31.99953233333349,-1.0,-59.90000000000009,-177.50000000000023
2016-10-28,616.35,630.9977343333342,8.449999999999932,1.4632116666666661,1.0,8.449999999999932,-117.60000000000014
2016-10-21,620.75,629.5345226666675,-4.399999999999977,-45.24304519047416,-1.0,4.399999999999977,-126.05000000000007
2016-10-14,648.3,674.7775678571417,-27.549999999999955,-19.20243959812501,-1.0,27.549999999999955,-130.45000000000005
2016-10-07,667.4,693.9800074552667,-19.100000000000023,0.5876058838381368,1.0,-19.100000000000023,-158.0
2016-09-30,721.5,693.3924015714285,-54.10000000000002,21.189990333334435,1.0,-54.10000000000002,-138.89999999999998
2016-09-23,706.4,672.2024112380941,15.100000000000023,1.3611339047607771,1.0,15.100000000000023,-84.79999999999995
2016-09-16,672.85,670.8412773333333,33.549999999999955,-11.858164571428688,-1.0,-33.549999999999955,-99.89999999999998
2016-09-09,679.45,682.699441904762,-6.600000000000023,10.37805948051971,1.0,-6.600000000000023,-66.35000000000002
2016-09-02,674.2,672.3213824242423,5.25,-28.679165483405768,-1.0,-5.25,-59.75
2016-08-26,692.15,701.0005479076481,-17.949999999999932,-1.8578505079365186,-1.0,17.949999999999932,-54.5
2016-08-19,709.35,702.8583984155846,-17.200000000000045,-1.2771718730155044,-1.0,17.200000000000045,-72.44999999999993
2016-08-12,690.8,704.1355702886001,18.550000000000068,-2.527264888890045,-1.0,-18.550000000000068,-89.64999999999998
2016-08-05,696.3,706.6628351774901,-5.5,44.05405670129937,1.0,-5.5,-71.09999999999991
2016-07-29,709.75,662.6087784761908,-13.450000000000045,38.62173280952368,1.0,-13.450000000000045,-65.59999999999991
2016-07-22,686.05,623.9870456666671,23.700000000000045,8.989228833332504,1.0,23.700000000000045,-52.149999999999864
2016-07-15,647.4,614.9978168333346,38.64999999999998,12.698510833335035,1.0,38.64999999999998,-75.84999999999991
2016-07-08,617.1,602.2993059999995,30.299999999999955,39.47510799999861,1.0,30.299999999999955,-114.49999999999989
2016-07-01,605.65,562.8241980000009,11.450000000000045,19.348057380953378,1.0,11.450000000000045,-144.79999999999984
2016-06-24,548.8,543.4761406190476,56.85000000000002,-6.681128214285195,-1.0,-56.85000000000002,-156.2499999999999
2016-06-17,532.65,550.1572688333328,16.149999999999977,1.2753361428561902,1.0,16.149999999999977,-99.39999999999986
2016-06-10,547.15,548.8819326904766,-14.5,3.666134023808695,1.0,-14.5,-115.54999999999984
2016-06-03,549.25,545.2157986666679,-2.1000000000000227,-14.09327399999836,-1.0,2.1000000000000227,-101.04999999999984
2016-05-27,539.6,559.3090726666662,9.649999999999977,-41.986663333333354,-1.0,-9.649999999999977,-103.14999999999986
2016-05-20,558.7,601.2957359999996,-19.100000000000023,12.316890095238023,1.0,-19.100000000000023,-93.49999999999989
2016-05-13,592.2,588.9788459047616,-33.5,-19.60443909523906,-1.0,33.5,-74.39999999999986
2016-05-06,607.45,608.5832850000006,-15.25,20.552537571428957,1.0,-15.25,-107.89999999999986
2016-04-29,627.9,588.0307474285717,-20.449999999999932,20.72095492857045,1.0,-20.449999999999932,-92.64999999999986
2016-04-22,607.15,567.3097925000012,20.75,20.02767004762086,1.0,20.75,-72.19999999999993
2016-04-15,569.3,547.2821224523803,37.85000000000002,-10.497375380952576,-1.0,-37.85000000000002,-92.94999999999993
2016-04-08,540.15,557.7794978333329,29.149999999999977,-10.66839449999918,-1.0,-29.149999999999977,-55.09999999999991
2016-04-01,561.8,568.4478923333321,-21.649999999999977,8.777973119046464,1.0,-21.649999999999977,-25.949999999999932
2016-03-18,589.6,559.6699192142856,-27.800000000000068,6.610699714286852,1.0,-27.800000000000068,-4.2999999999999545
2016-03-11,580.45,553.0592194999988,9.149999999999977,40.607715499998335,1.0,9.149999999999977,23.500000000000114
2016-03-04,563.1,512.4515040000005,17.350000000000023,-9.247042499998656,-1.0,-17.350000000000023,14.350000000000136
2016-02-26,482.1,521.6985464999991,81.0,-7.676700642858805,-1.0,-81.0,31.70000000000016
2016-02-19,499.05,529.3752471428579,-16.94999999999999,8.145247142859034,1.0,-16.94999999999999,112.70000000000016
2016-02-12,527.0,521.2299999999989,-27.94999999999999,14.05753666666567,1.0,-27.94999999999999,129.65000000000015
2016-02-05,498.7,507.1724633333332,28.30000000000001,-8.978101666666475,-1.0,-28.30000000000001,157.60000000000014
2016-01-29,498.5,516.1505649999997,0.19999999999998863,11.020256666666626,1.0,0.19999999999998863,185.90000000000015
2016-01-22,499.85,505.13030833333306,-1.3500000000000227,-7.264930666666771,-1.0,1.3500000000000227,185.70000000000016
2016-01-15,487.05,512.3952389999998,12.800000000000011,-30.665770190476223,-1.0,-12.800000000000011,184.35000000000014
2016-01-08,493.6,543.061009190476,-6.550000000000011,-8.015574142857076,-1.0,6.550000000000011,197.15000000000015
2015-12-18,558.3,551.0765833333331,-64.69999999999993,-22.081367333333105,-1.0,64.69999999999993,190.60000000000014
2015-12-11,543.95,573.1579506666662,14.349999999999909,10.280149333332929,1.0,14.349999999999909,125.9000000000002
2015-12-04,566.2,562.8778013333333,-22.25,7.38744766666548,1.0,-22.25,111.5500000000003
2015-11-27,549.6,555.4903536666678,16.600000000000023,-3.4900739999998223,-1.0,-16.600000000000023,133.8000000000003
2015-11-20,558.9,558.9804276666677,-9.299999999999955,-113.7915414999984,-1.0,9.299999999999955,150.40000000000032
2015-11-13,539.25,672.771969166666,19.649999999999977,0.35599521428594016,1.0,19.649999999999977,141.10000000000036
2015-11-06,612.95,672.4159739523801,-73.70000000000005,-13.284569619049648,-1.0,73.70000000000005,121.45000000000039
2015-10-30,677.25,685.7005435714298,-64.29999999999995,-7.3649724761897915,-1.0,64.29999999999995,47.75000000000034
2015-10-23,693.85,693.0655160476196,-16.600000000000023,2.312840952380384,1.0,-16.600000000000023,-16.549999999999613
2015-10-16,699.4,690.7526750952392,-5.5499999999999545,4.89027733333387,1.0,-5.5499999999999545,0.05000000000040927
2015-10-09,708.15,685.8623977619053,-8.75,36.408108095237935,1.0,-8.75,5.600000000000364
2015-10-02,697.6,649.4542896666674,10.549999999999955,39.80271414285721,1.0,10.549999999999955,14.350000000000364
2015-09-25,667.55,609.6515755238102,30.050000000000068,9.459209333334115,1.0,30.050000000000068,3.8000000000004093
2015-09-18,610.35,600.192366190476,57.19999999999993,2.318939523809263,1.0,57.19999999999993,-26.24999999999966
2015-09-11,590.5,597.8734266666668,19.850000000000023,7.014740666665716,1.0,19.850000000000023,-83.44999999999959
2015-09-04,576.8,590.8586860000011,13.700000000000045,-11.296843333332504,-1.0,-13.700000000000045,-103.29999999999961
2015-08-28,589.55,602.1555293333336,-12.75,-20.48525533333293,-1.0,12.75,-89.59999999999957
2015-08-21,604.45,622.6407846666665,-14.900000000000091,7.783928666666611,1.0,-14.900000000000091,-102.34999999999957
2015-08-14,617.5,614.8568559999999,-13.049999999999955,1.0888666666671725,1.0,-13.049999999999955,-87.44999999999948
2015-08-07,596.9,613.7679893333327,20.600000000000023,-13.84531844444382,-1.0,-20.600000000000023,-74.39999999999952
2015-07-31,610.85,627.6133077777765,-13.950000000000045,-7.401982222223182,-1.0,13.950000000000045,-53.7999999999995
2015-07-24,622.6,635.0152899999997,-11.75,-16.62361000000078,-1.0,11.75,-67.74999999999955
2015-07-17,619.0,651.6389000000005,3.6000000000000227,-31.518592666667473,-1.0,-3.6000000000000227,-79.49999999999955
2015-07-10,650.35,683.157492666668,-31.350000000000023,-21.207415666666634,-1.0,31.350000000000023,-75.89999999999952
2015-06-26,678.6,704.3649083333346,-28.25,-39.30442794444491,-1.0,28.25,-107.24999999999955
2015-06-19,707.35,743.6693362777795,-28.75,-4.992579531745605,-1.0,28.75,-135.49999999999955
2015-06-12,738.15,748.6619158095251,-30.799999999999955,-20.247178023809397,-1.0,30.799999999999955,-164.24999999999955
2015-06-05,750.4,768.9090938333345,-12.25,7.864239976190788,1.0,-12.25,-195.0499999999995
2015-05-29,776.75,761.0448538571437,-26.350000000000023,-15.489427809524273,-1.0,26.350000000000023,-182.7999999999995
2015-05-22,784.0,776.534281666668,-7.25,4.354053333333013,1.0,-7.25,-209.14999999999952
2015-05-15,794.95,772.180228333335,-10.950000000000045,-4.485906999997496,-1.0,10.950000000000045,-201.89999999999952
2015-05-08,802.35,776.6661353333325,-7.399999999999977,5.561400031744938,1.0,-7.399999999999977,-212.84999999999957
2015-05-01,773.75,771.1047353015875,28.600000000000023,-0.2330996984136391,-1.0,-28.600000000000023,-205.4499999999996
2015-04-24,769.95,771.3378350000012,3.7999999999999545,7.080225333334624,1.0,3.7999999999999545,-176.84999999999957
2015-04-17,782.65,764.2576096666666,-12.699999999999932,7.5581143333333785,1.0,-12.699999999999932,-180.64999999999952
2015-04-10,775.75,756.6994953333332,6.899999999999977,-12.836134666665657,-1.0,-6.899999999999977,-167.9499999999996
2015-03-27,740.65,769.5356299999988,35.10000000000002,-4.967726000002131,-1.0,-35.10000000000002,-161.0499999999996
2015-03-20,778.75,774.503356000001,-38.10000000000002,-29.563690571426037,-1.0,38.10000000000002,-125.94999999999959
2015-03-13,788.35,804.067046571427,-9.600000000000023,11.941123714284117,1.0,-9.600000000000023,-164.0499999999996
2015-03-06,818.05,792.1259228571429,-29.699999999999932,11.80210152381062,1.0,-29.699999999999932,-154.4499999999996
2015-02-27,818.45,780.3238213333323,-0.40000000000009095,-1.584179333333509,-1.0,0.40000000000009095,-124.74999999999966
2015-02-20,779.2,781.9080006666658,39.25,3.6724273333331894,1.0,39.25,-125.14999999999975
2015-02-13,794.45,778.2355733333326,-15.25,-3.2291741904767832,-1.0,15.25,-164.39999999999975
2015-02-06,781.3,781.4647475238094,13.150000000000091,-1.9670924761915103,-1.0,-13.150000000000091,-179.64999999999975
2015-01-30,772.4,783.4318400000009,8.899999999999977,-2.7951910000002727,-1.0,-8.899999999999977,-166.49999999999966
2015-01-23,774.1,786.2270310000011,-1.7000000000000455,-12.091435333332583,-1.0,1.7000000000000455,-157.59999999999968
2015-01-16,754.3,798.3184663333337,19.800000000000068,-5.68497599999796,-1.0,-19.800000000000068,-159.29999999999973
2015-01-09,800.15,804.0034423333317,-45.85000000000002,-3.8443143333335,-1.0,45.85000000000002,-139.49999999999966
2015-01-02,794.85,807.8477566666652,5.2999999999999545,11.3115316666657,1.0,5.2999999999999545,-185.34999999999968
2014-12-26,818.6,796.5362249999995,-23.75,-1.407288333335373,-1.0,23.75,-190.64999999999964
2014-12-19,805.1,797.9435133333349,13.5,-3.4272346666645035,-1.0,-13.5,-214.39999999999964
2014-12-12,816.55,801.3707479999994,-11.449999999999932,0.7593516666670439,1.0,-11.449999999999932,-200.89999999999964
2014-12-05,803.2,800.6113963333323,13.349999999999909,11.465416523808244,1.0,13.349999999999909,-189.4499999999997
2014-11-28,812.4,789.1459798095241,-9.199999999999932,26.745349841271036,1.0,-9.199999999999932,-202.7999999999996
2014-11-21,794.9,762.400629968253,17.5,-4.876466341271225,-1.0,-17.5,-193.59999999999968
2014-11-14,771.35,767.2770963095243,23.549999999999955,-23.41444873809496,-1.0,-23.549999999999955,-176.09999999999968
2014-11-07,772.55,790.6915450476192,-1.1999999999999318,13.518021095238396,1.0,-1.1999999999999318,-152.54999999999973
2014-10-31,791.8,777.1735239523808,-19.25,12.715410999998198,1.0,-19.25,-151.3499999999998
2014-10-24,780.9,764.4581129523826,10.899999999999977,-23.46376538095194,-1.0,-10.899999999999977,-132.0999999999998
2014-10-17,756.7,787.9218783333346,24.199999999999932,10.342639126984409,1.0,24.199999999999932,-121.19999999999982
2014-10-10,785.05,777.5792392063502,-28.34999999999991,-15.863861365079174,-1.0,28.34999999999991,-145.39999999999975
2014-10-03,754.55,793.4431005714293,30.5,-2.3412730476181878,-1.0,-30.5,-173.74999999999966
2014-09-26,783.8,795.7843736190475,-29.25,-31.06931880952277,-1.0,29.25,-143.24999999999966
2014-09-19,812.35,826.8536924285703,-28.550000000000068,-32.48134952380906,-1.0,28.550000000000068,-172.49999999999966
2014-09-12,836.05,859.3350419523794,-23.699999999999932,-22.57380257143143,-1.0,23.699999999999932,-201.04999999999973
2014-09-05,891.0,881.9088445238108,-54.950000000000045,3.8958945238094884,1.0,-54.950000000000045,-224.74999999999966
2014-08-29,908.65,878.0129500000013,-17.649999999999977,3.4062933333354977,1.0,-17.649999999999977,-169.7999999999996
2014-08-22,887.6,874.6066566666658,21.049999999999955,25.995678666665754,1.0,21.049999999999955,-152.14999999999964
2014-08-15,894.5,848.610978,-6.899999999999977,17.143168571428077,1.0,-6.899999999999977,-173.1999999999996
2014-08-08,860.5,831.467809428572,34.0,-41.381744857141484,-1.0,-34.0,-166.2999999999996
2014-08-01,864.95,872.8495542857135,-4.4500000000000455,6.1152476190464995,1.0,-4.4500000000000455,-132.2999999999996
2014-07-25,879.8,866.734306666667,-14.849999999999909,4.932049999999208,1.0,-14.849999999999909,-127.84999999999957
2014-07-18,881.5,861.8022566666677,-1.7000000000000455,13.70881666666537,1.0,-1.7000000000000455,-112.99999999999966
2014-07-11,875.3,848.0934400000024,6.2000000000000455,37.557636666669396,1.0,6.2000000000000455,-111.29999999999961
2014-06-27,842.85,810.535803333333,32.44999999999993,-10.528883999999266,-1.0,-32.44999999999993,-117.49999999999966
2014-06-20,822.95,821.0646873333322,19.899999999999977,-18.4215253333349,-1.0,-19.899999999999977,-85.04999999999973
2014-06-13,813.35,839.4862126666671,9.600000000000023,-7.411617333333879,-1.0,-9.600000000000023,-65.14999999999975
2014-06-06,843.95,846.897830000001,-30.600000000000023,24.81668333333232,1.0,-30.600000000000023,-55.54999999999973
2014-05-30,835.65,822.0811466666687,8.300000000000068,1.5883733333340615,1.0,8.300000000000068,-24.949999999999704
2014-05-23,831.3,820.4927733333346,4.350000000000023,7.208589333332725,1.0,4.350000000000023,-33.24999999999977
2014-05-16,814.8,813.2841840000019,16.5,5.36347066666724,1.0,16.5,-37.599999999999795
2014-05-09,799.9,807.9207133333347,14.899999999999977,29.88613400000088,1.0,14.899999999999977,-54.099999999999795
2014-05-02,812.55,778.0345793333338,-12.649999999999977,45.09525533333397,1.0,-12.649999999999977,-68.99999999999977
2014-04-25,811.45,732.9393239999998,1.099999999999909,-65.08661269047684,-1.0,-1.099999999999909,-56.349999999999795
2014-04-11,807.05,798.0259366904767,4.400000000000091,15.282148690476788,1.0,4.400000000000091,-55.249999999999886
2014-04-04,791.0,782.7437879999999,16.049999999999955,2.30334866666567,1.0,16.049999999999955,-59.64999999999998
2014-03-28,774.1,780.4404393333342,16.899999999999977,7.3953913333343735,1.0,16.899999999999977,-75.69999999999993
2014-03-21,788.75,773.0450479999998,-14.649999999999977,0.8101726666675404,1.0,-14.649999999999977,-92.59999999999991
2014-03-14,773.05,772.2348753333323,15.700000000000045,4.718741666664755,1.0,15.700000000000045,-77.94999999999993
2014-03-07,781.6,767.5161336666675,-8.550000000000068,29.433589666668013,1.0,-8.550000000000068,-93.64999999999998
2014-02-28,743.85,738.0825439999995,37.75,2.409500539681858,1.0,37.75,-85.09999999999991
2014-02-21,740.0,735.6730434603177,3.8500000000000227,4.173648317460106,1.0,3.8500000000000227,-122.84999999999991
2014-02-14,737.4,731.4993951428576,2.6000000000000227,16.890163571427593,1.0,2.6000000000000227,-126.69999999999993
2014-02-07,708.6,714.60923157143,28.799999999999955,-18.150845555554497,-1.0,-28.799999999999955,-129.29999999999995
2014-01-31,703.0,732.7600771269845,5.600000000000023,4.182291174603392,1.0,5.600000000000023,-100.5
2014-01-24,733.9,728.5777859523811,-30.899999999999977,-5.447447380952553,-1.0,30.899999999999977,-106.10000000000002
2014-01-17,747.65,734.0252333333336,-13.75,8.024264952381372,1.0,-13.75,-137.0
2014-01-10,745.15,726.0009683809523,2.5,13.855757880953774,1.0,2.5,-123.25
2014-01-03,730.3,712.1452104999985,14.850000000000023,10.728122261902854,1.0,14.850000000000023,-125.75
2013-12-27,711.05,701.4170882380956,19.25,-15.103281904761502,-1.0,-19.25,-140.60000000000002
2013-12-20,697.85,716.5203701428571,13.199999999999932,-15.535155047618673,-1.0,-13.199999999999932,-121.35000000000002
2013-12-13,715.75,732.0555251904758,-17.899999999999977,8.393607761903922,1.0,-17.899999999999977,-108.15000000000009
2013-12-06,735.45,723.6619174285719,-19.700000000000045,0.5014903809528732,1.0,-19.700000000000045,-90.25000000000011
2013-11-29,718.0,723.160427047619,17.450000000000045,-20.085261023809153,-1.0,-17.450000000000045,-70.55000000000007
2013-11-22,713.95,743.2456880714282,4.0499999999999545,-10.160710690477117,-1.0,-4.0499999999999545,-53.10000000000002
2013-11-15,732.3,753.4063987619053,-18.34999999999991,4.330264095239954,1.0,-18.34999999999991,-49.05000000000007
2013-11-08,757.35,749.0761346666653,-25.050000000000068,-1.2049313809534397,-1.0,25.050000000000068,-30.70000000000016
2013-11-01,737.7,750.2810660476188,19.649999999999977,8.486704380953029,1.0,19.649999999999977,-55.75000000000023
2013-10-25,746.9,741.7943616666657,-9.199999999999932,26.873658904760532,1.0,-9.199999999999932,-75.4000000000002
2013-10-18,739.65,714.9207027619052,7.25,-6.870087761904529,-1.0,-7.25,-66.20000000000027
2013-10-11,712.3,721.7907905238097,27.350000000000023,-2.471536904761251,-1.0,-27.350000000000023,-58.95000000000027
2013-10-04,700.95,724.262327428571,11.349999999999909,4.875822428570814,1.0,11.349999999999909,-31.60000000000025
2013-09-27,730.8,719.3865050000002,-29.84999999999991,10.05455300000142,1.0,-29.84999999999991,-42.95000000000016
2013-09-20,720.3,709.3319519999988,10.5,6.255376666663437,1.0,10.5,-13.10000000000025
2013-09-13,697.5,703.0765753333353,22.799999999999955,-21.913174571427817,-1.0,-22.799999999999955,-23.60000000000025
2013-09-06,695.45,724.9897499047631,2.0499999999999545,-24.16525876190201,-1.0,-2.0499999999999545,-0.8000000000002956
2013-08-30,722.1,749.1550086666651,-26.649999999999977,-3.606979333334152,-1.0,26.649999999999977,1.249999999999659
2013-08-23,750.35,752.7619879999993,-28.25,8.97319466666579,1.0,-28.25,-25.40000000000032
2013-08-16,762.15,743.7887933333335,-11.799999999999955,-1.350730476190165,-1.0,11.799999999999955,2.8499999999996817
2013-08-09,740.1,745.1395238095237,22.049999999999955,9.637791809522923,1.0,22.049999999999955,-8.950000000000273
2013-08-02,728.8,735.5017320000007,11.300000000000068,1.8415446666665503,1.0,11.300000000000068,-31.000000000000227
2013-07-26,723.1,733.6601873333342,5.699999999999932,10.878773000000592,1.0,5.699999999999932,-42.300000000000296
2013-07-19,748.65,722.7814143333336,-25.549999999999955,29.143994333333467,1.0,-25.549999999999955,-48.00000000000023
2013-07-12,721.6,693.6374200000001,27.049999999999955,12.232766666667771,1.0,27.049999999999955,-22.450000000000273
2013-07-05,675.95,681.4046533333324,45.64999999999998,0.8696789523802408,1.0,45.64999999999998,-49.50000000000023
2013-06-28,659.2,680.5349743809521,16.75,-47.3077966666674,-1.0,-16.75,-95.1500000000002
2013-06-21,673.25,727.8427710476195,-14.049999999999955,-10.199666952380198,-1.0,14.049999999999955,-78.4000000000002
2013-06-14,729.8,738.0424379999997,-56.549999999999955,3.741436476190188,1.0,-56.549999999999955,-92.45000000000016
2013-06-07,759.45,734.3010015238095,-29.65000000000009,-0.729415333332895,-1.0,29.65000000000009,-35.900000000000205
2013-05-31,751.05,735.0304168571424,8.400000000000091,20.28685209523826,1.0,8.400000000000091,-65.5500000000003
2013-05-24,726.05,714.7435647619042,25.0,27.528296396825112,1.0,25.0,-73.95000000000039
2013-05-17,739.5,687.215268365079,-13.450000000000045,-1.0131560396806663,-1.0,13.450000000000045,-98.95000000000039
2013-05-10,704.6,688.2284244047597,34.89999999999998,-4.894631500003129,-1.0,-34.89999999999998,-112.40000000000043
2013-05-03,692.2,693.1230559047629,12.399999999999977,15.166157761905765,1.0,12.399999999999977,-77.50000000000045
2013-04-26,680.85,677.9568981428571,11.350000000000023,-26.638049558440912,-1.0,-11.350000000000023,-89.90000000000043
2013-04-19,675.9,704.594947701298,4.9500000000000455,-28.07421163203435,-1.0,-4.9500000000000455,-78.55000000000041
2013-04-12,707.95,732.6691593333323,-32.05000000000007,-33.33919866666963,-1.0,32.05000000000007,-73.60000000000036
2013-04-05,722.75,766.008358000002,-14.799999999999955,16.959223904764826,1.0,-14.799999999999955,-105.65000000000043
2013-03-22,759.75,749.0491340952372,-37.0,-12.635911238093854,-1.0,37.0,-90.85000000000048
2013-03-15,773.7,761.685045333331,-13.950000000000045,39.279595333331486,1.0,-13.950000000000045,-127.85000000000048
2013-03-08,780.65,722.4054499999995,-6.949999999999932,-4.854204857142804,-1.0,6.949999999999932,-113.90000000000043
2013-03-01,718.65,727.2596548571423,62.0,-36.07079323809489,-1.0,-62.0,-120.85000000000036
2013-02-22,734.9,763.3304480952372,-16.25,2.303270666667572,1.0,-16.25,-58.850000000000364
2013-02-15,752.75,761.0271774285696,-17.850000000000023,7.514785333332497,1.0,-17.850000000000023,-42.600000000000364
2013-02-08,751.1,753.5123920952371,1.6499999999999773,11.34736876190425,1.0,1.6499999999999773,-24.75000000000034
2013-02-01,756.0,742.1650233333329,-4.899999999999977,23.68507395237964,1.0,-4.899999999999977,-26.40000000000032
2013-01-25,740.25,718.4799493809533,15.75,21.84422503679764,1.0,15.75,-21.50000000000034
2013-01-18,722.0,696.6357243441556,18.25,9.031561863997581,1.0,18.25,-37.25000000000034
2013-01-11,700.7,687.604162480158,21.299999999999955,-8.490667316379017,-1.0,-21.299999999999955,-55.50000000000034
2013-01-04,687.8,696.094829796537,12.900000000000091,23.59403590367981,1.0,12.900000000000091,-34.20000000000039
2012-12-28,699.6,672.5007938928572,-11.800000000000068,-23.837290440476863,-1.0,11.800000000000068,-47.10000000000048
2012-12-21,681.3,696.3380843333341,18.300000000000068,6.828872126984265,1.0,18.300000000000068,-58.900000000000546
2012-12-14,700.8,689.5092122063498,-19.5,12.563324373015234,1.0,-19.5,-77.20000000000061
2012-12-07,696.5,676.9458878333346,4.2999999999999545,11.869561035716401,1.0,4.2999999999999545,-57.700000000000614
2012-11-30,686.25,665.0763267976182,10.25,29.493989880952654,1.0,10.25,-62.00000000000057
2012-11-23,667.0,635.5823369166656,19.25,5.150857749998636,1.0,19.25,-72.25000000000057
2012-11-16,625.75,630.4314791666669,41.25,12.565702666665857,1.0,41.25,-91.50000000000057
2012-11-09,610.25,617.8657765000011,15.5,-6.153848833332972,-1.0,-15.5,-132.75000000000057
2012-11-02,598.85,624.019625333334,11.399999999999977,-17.469365333332462,-1.0,-11.399999999999977,-117.25000000000057
2012-10-26,595.7,641.4889906666665,3.1499999999999773,-13.954027583332959,-1.0,-3.1499999999999773,-105.85000000000059
2012-10-19,623.3,655.4430182499995,-27.59999999999991,-4.316139714284986,-1.0,27.59999999999991,-102.70000000000061
2012-10-12,637.95,659.7591579642844,-14.650000000000091,-8.36618583333393,-1.0,14.650000000000091,-130.30000000000052
2012-10-05,661.75,668.1253437976184,-23.799999999999955,10.23158496428573,1.0,-23.799999999999955,-144.9500000000006
2012-09-28,639.65,657.8937588333326,22.100000000000023,-16.45710383333403,-1.0,-22.100000000000023,-121.15000000000066
2012-09-21,670.05,674.3508626666667,-30.399999999999977,15.750784190476452,1.0,-30.399999999999977,-99.05000000000064
2012-09-14,698.8,658.6000784761902,-28.75,31.269365142857055,1.0,-28.75,-68.65000000000066
2012-09-07,654.0,627.3307133333332,44.799999999999955,-8.80930771428666,-1.0,-44.799999999999955,-39.90000000000066
2012-08-31,627.95,636.1400210476198,26.049999999999955,39.69869771428546,1.0,26.049999999999955,4.899999999999295
2012-08-24,651.55,596.4413233333344,-23.59999999999991,14.862323761904918,1.0,-23.59999999999991,-21.15000000000066
2012-08-17,604.5,581.5789995714294,47.049999999999955,0.950481761904939,1.0,47.049999999999955,2.4499999999992497
2012-08-10,581.5,580.6285178095245,23.0,1.964111047619781,1.0,23.0,-44.600000000000705
2012-08-03,577.4,578.6644067619047,4.100000000000023,4.028386761905381,1.0,4.100000000000023,-67.6000000000007
2012-07-27,571.05,574.6360199999993,6.350000000000023,-6.235289904762226,-1.0,-6.350000000000023,-71.70000000000073
2012-07-20,574.85,580.8713099047616,-3.800000000000068,-0.053683952381334166,-1.0,3.800000000000068,-65.3500000000007
2012-07-13,584.35,580.9249938571429,-9.5,-2.522984047619161,-1.0,9.5,-69.15000000000077
2012-07-06,578.85,583.4479779047621,5.5,-13.015364809523817,-1.0,-5.5,-78.65000000000077
2012-06-29,583.05,596.4633427142859,-4.199999999999932,-9.52607280952384,-1.0,4.199999999999932,-73.15000000000077
2012-06-22,605.95,605.9894155238097,-22.90000000000009,-3.4193910476182054,-1.0,22.90000000000009,-77.3500000000007
2012-06-15,629.1,609.4088065714279,-23.149999999999977,14.765440999999782,1.0,-23.149999999999977,-100.2500000000008
2012-06-08,610.65,594.6433655714281,18.450000000000045,14.93047442857096,1.0,18.450000000000045,-77.10000000000082
2012-06-01,612.3,579.7128911428572,-1.6499999999999773,-8.070832190476494,-1.0,1.6499999999999773,-95.55000000000086
2012-05-25,589.95,587.7837233333337,22.34999999999991,-19.92948209523786,-1.0,-22.34999999999991,-97.20000000000084
2012-05-18,603.25,607.7132054285715,-13.299999999999955,-37.569795904761804,-1.0,13.299999999999955,-74.85000000000093
2012-05-11,602.95,645.2830013333333,0.2999999999999545,-0.2988028333332977,-1.0,-0.2999999999999545,-88.15000000000089
2012-05-04,651.55,645.5818041666666,-48.59999999999991,1.0100858333335054,1.0,-48.59999999999991,-87.85000000000093
2012-04-27,680.9,644.5717183333331,-29.350000000000023,3.5802466666665396,1.0,-29.350000000000023,-39.25000000000102
2012-04-20,676.2,640.9914716666666,4.699999999999932,2.633770333333473,1.0,4.699999999999932,-9.900000000001
2012-04-13,646.25,638.3577013333331,29.950000000000045,-15.439545666665936,-1.0,-29.950000000000045,-14.600000000000932
2012-04-06,643.85,653.7972469999991,2.3999999999999773,-17.582741000001306,-1.0,-2.3999999999999773,15.349999999999113
2012-03-30,653.15,671.3799880000004,-9.299999999999955,-10.594530904761427,-1.0,9.299999999999955,17.74999999999909
2012-03-23,658.4,681.9745189047618,-5.25,-20.801242761904064,-1.0,5.25,8.449999999999136
2012-03-16,700.2,702.7757616666659,-41.80000000000007,1.5637463333331425,1.0,-41.80000000000007,3.199999999999136
2012-03-09,708.2,701.2120153333327,-8.0,-5.437769999999887,-1.0,8.0,44.999999999999204
2012-03-02,710.8,706.6497853333326,-2.599999999999909,16.312394499999186,1.0,-2.599999999999909,36.999999999999204
2012-02-24,710.45,690.3373908333334,0.34999999999990905,-8.458055499999546,-1.0,-0.34999999999990905,39.59999999999911
2012-02-17,687.7,698.795446333333,22.75,-3.4648223333321084,-1.0,-22.75,39.94999999999902
2012-02-10,702.65,702.2602686666651,-14.949999999999932,22.48285533333319,1.0,-14.949999999999932,62.69999999999902
2012-02-03,708.45,679.7774133333319,-5.800000000000068,13.728520166666385,1.0,-5.800000000000068,77.64999999999895
2012-01-27,689.6,666.0488931666655,18.850000000000023,29.84711066666557,1.0,18.850000000000023,83.44999999999902
2012-01-20,675.15,636.2017824999999,14.450000000000045,4.71898866666595,1.0,14.450000000000045,64.599999999999
2012-01-13,634.5,631.482793833334,40.64999999999998,-8.917028547619452,-1.0,-40.64999999999998,50.149999999998954
2012-01-06,613.45,640.3998223809534,21.049999999999955,411.1010661904772,1.0,21.049999999999955,90.79999999999893
2011-12-30,655.6,229.29875619047624,-42.14999999999998,-400.5449882857151,-1.0,42.14999999999998,69.74999999999898
2011-12-23,665.55,629.8437444761913,-9.949999999999932,-26.4232479047605,-1.0,9.949999999999932,27.599999999999
2011-12-16,623.65,656.2669923809518,41.89999999999998,23.186929999999847,1.0,41.89999999999998,17.649999999999068
2011-12-09,684.65,633.080062380952,-61.0,5.590806880951391,1.0,-61.0,-24.25000000000091
2011-12-02,643.6,627.4892555000006,41.049999999999955,5.229939499998977,1.0,41.049999999999955,36.74999999999909
2011-11-25,570.0,622.2593160000016,73.60000000000002,-20.543563809522198,-1.0,-73.60000000000002,-4.300000000000864
2011-11-18,605.05,642.8028798095238,-35.049999999999955,-13.658310107142029,-1.0,35.049999999999955,69.29999999999916
2011-11-11,662.7,656.4611899166658,-57.65000000000009,8.470143249999296,1.0,-57.65000000000009,34.249999999999204
2011-11-04,655.2,647.9910466666665,7.5,15.784052690476187,1.0,7.5,91.8999999999993
2011-10-28,668.25,632.2069939761903,-13.049999999999955,14.29330064285682,1.0,-13.049999999999955,84.3999999999993
2011-10-21,617.75,617.9136933333335,50.5,13.501071666667258,1.0,50.5,97.44999999999925
2011-10-14,619.9,604.4126216666663,-2.1499999999999773,-33.25686833333373,-1.0,2.1499999999999773,46.94999999999925
2011-10-07,585.2,637.66949,34.69999999999993,-16.325849666666045,-1.0,-34.69999999999993,44.79999999999927
2011-09-30,614.55,653.995339666666,-29.34999999999991,-50.03462791666789,-1.0,29.34999999999991,79.4999999999992
2011-09-23,640.75,704.0299675833339,-26.200000000000045,13.185291583333878,1.0,-26.200000000000045,50.149999999999295
2011-09-16,731.2,690.844676,-90.45000000000005,-56.39797733333353,-1.0,90.45000000000005,76.34999999999934
2011-09-09,737.1,747.2426533333336,-5.899999999999977,-6.170518000000698,-1.0,5.899999999999977,-14.100000000000705
2011-09-02,781.1,753.4131713333343,-44.0,2.7274260000000368,1.0,-44.0,-20.000000000000682
2011-08-26,756.35,750.6857453333342,24.75,8.442454000001817,1.0,24.75,23.999999999999318
2011-08-19,748.55,742.2432913333324,7.800000000000068,-5.9518865714291,-1.0,-7.800000000000068,-0.7500000000006821
2011-08-12,747.7,748.1951779047615,0.849999999999909,36.13772523809382,1.0,0.849999999999909,7.049999999999386
2011-08-05,740.75,712.0574526666677,6.9500000000000455,-47.17886266666778,-1.0,-6.9500000000000455,6.199999999999477
2011-07-29,826.7,759.2363153333355,-85.95000000000005,-10.460747999997466,-1.0,85.95000000000005,13.149999999999523
2011-07-22,805.15,769.697063333333,21.550000000000068,14.08028666666678,1.0,21.550000000000068,-72.80000000000052
2011-07-15,779.4,755.6167766666662,25.75,-6.029632476191068,-1.0,-25.75,-94.35000000000059
2011-07-08,777.95,761.6464091428572,1.4499999999999318,20.994380571428337,1.0,1.4499999999999318,-68.60000000000059
2011-07-01,756.45,740.6520285714289,21.5,-15.414651428572483,-1.0,-21.5,-70.05000000000052
2011-06-24,730.2,756.0666800000014,26.25,-11.321689999998512,-1.0,-26.25,-48.55000000000052
2011-06-17,743.7,767.3883699999999,-13.5,-11.6506793333333,-1.0,13.5,-22.300000000000523
2011-06-10,815.7,779.0390493333332,-72.0,28.30560952380904,1.0,-72.0,-35.80000000000052
2011-06-03,783.25,750.7334398095242,32.450000000000045,17.14870342857273,1.0,32.450000000000045,36.19999999999948
2011-05-27,759.9,733.5847363809514,23.350000000000023,11.744987999999239,1.0,23.350000000000023,3.7499999999994316
2011-05-20,735.5,721.8397483809522,24.399999999999977,-14.001150666666263,-1.0,-24.399999999999977,-19.60000000000059
2011-05-13,706.45,735.8408990476184,29.049999999999955,-34.08918428571428,-1.0,-29.049999999999955,4.799999999999386
2011-05-06,716.2,769.9300833333327,-9.75,7.587591523809806,1.0,-9.75,33.84999999999934
2011-04-29,791.95,762.3424918095229,-75.75,18.310061809520676,1.0,-75.75,43.59999999999934
2011-04-15,767.8,744.0324300000023,24.15000000000009,-2.1630484761899424,-1.0,-24.15000000000009,119.34999999999934
2011-04-08,792.0,746.1954784761922,-24.200000000000045,13.027842666669358,1.0,-24.200000000000045,143.49999999999943
2011-04-01,775.05,733.1676358095228,16.950000000000045,8.640480761904769,1.0,16.950000000000045,167.69999999999948
2011-03-25,750.4,724.5271550476181,24.649999999999977,-24.90897828571451,-1.0,-24.649999999999977,150.74999999999943
2011-03-18,731.4,749.4361333333326,19.0,-34.542710309524296,-1.0,-19.0,175.3999999999994
2011-03-11,763.75,783.9788436428569,-32.35000000000002,7.216381952382335,1.0,-32.35000000000002,194.3999999999994
2011-03-04,807.8,776.7624616904745,-44.049999999999955,-30.17712747618998,-1.0,44.049999999999955,226.74999999999943
2011-02-25,785.45,806.9395891666645,22.34999999999991,18.409083333332546,1.0,22.34999999999991,182.69999999999948
2011-02-18,857.25,788.530505833332,-71.79999999999995,-12.762748833335877,-1.0,71.79999999999995,160.34999999999957
2011-02-11,813.85,801.2932546666678,43.39999999999998,7.630065309525548,1.0,43.39999999999998,88.54999999999961
2011-02-04,815.6,793.6631893571423,-1.75,1.9504261666676257,1.0,-1.75,45.149999999999636
2011-01-28,815.9,791.7127631904747,-0.2999999999999545,-1.3968779761908081,-1.0,0.2999999999999545,46.899999999999636
2011-01-21,814.75,793.1096411666655,1.1499999999999773,29.84263083333383,1.0,1.1499999999999773,46.59999999999968
2011-01-14,788.45,763.2670103333317,26.299999999999955,-19.398346690477297,-1.0,-26.299999999999955,45.449999999999704
2011-01-07,755.95,782.665357023809,32.5,120.58069635714196,1.0,32.5,71.74999999999966
2010-12-31,803.3,662.084660666667,-47.34999999999991,-87.45679833333452,-1.0,47.34999999999991,39.24999999999966
2010-12-17,737.6,749.5414590000015,65.69999999999993,19.770016904762883,1.0,65.69999999999993,-8.10000000000025
2010-12-10,731.35,729.7714420952386,6.25,2.5148935238100876,1.0,6.25,-73.80000000000018
2010-12-03,768.85,727.2565485714285,-37.5,19.506855773810003,1.0,-37.5,-80.05000000000018
2010-11-26,676.0,707.7496927976185,92.85000000000002,38.79610279761857,1.0,92.85000000000002,-42.55000000000018
2010-11-19,702.95,668.95359,-26.950000000000045,-7.5574719999996205,-1.0,26.950000000000045,-135.4000000000002
2010-11-12,672.9,676.5110619999996,30.050000000000068,24.534085999999434,1.0,30.050000000000068,-162.35000000000025
2010-11-05,684.4,651.9769760000001,-11.5,27.079767357141804,1.0,-11.5,-192.40000000000032
2010-10-29,645.1,624.8972086428583,39.299999999999955,14.52122045238184,1.0,39.299999999999955,-180.90000000000032
2010-10-22,591.1,610.3759881904765,54.0,9.271110857143299,1.0,54.0,-220.20000000000027
2010-10-15,589.2,601.1048773333332,1.8999999999999773,-3.1033554999996795,-1.0,-1.8999999999999773,-274.2000000000003
2010-10-08,587.6,604.2082328333329,1.6000000000000227,-57.35203169047679,-1.0,-1.6000000000000227,-272.3000000000003
2010-10-01,571.25,661.5602645238097,16.350000000000023,36.947825190476465,1.0,16.350000000000023,-270.7000000000003
2010-09-24,558.5,624.6124393333332,12.75,41.47193666666624,1.0,12.75,-287.0500000000003
2010-09-17,543.3,583.140502666667,15.200000000000045,53.54183866666699,1.0,15.200000000000045,-299.8000000000003
2010-09-10,517.55,529.598664,25.75,-1.8128929999995762,-1.0,-25.75,-315.00000000000034
2010-09-03,529.05,531.4115569999996,-11.5,27.215656333332674,1.0,-11.5,-289.25000000000034
2010-08-27,503.05,504.1959006666669,25.999999999999943,17.76964066666619,1.0,25.999999999999943,-277.75000000000034
2010-08-20,476.2,486.4262600000007,26.850000000000023,-30.737337333333414,-1.0,-26.850000000000023,-303.7500000000003
2010-08-13,477.25,517.1635973333341,-1.0500000000000114,17.19377533333312,1.0,-1.0500000000000114,-276.90000000000026
2010-08-06,487.6,499.969822000001,-10.350000000000023,31.335911333334423,1.0,-10.350000000000023,-275.85000000000025
2010-07-30,500.0,468.63391066666657,-12.399999999999977,8.295356666665896,1.0,-12.399999999999977,-265.5000000000002
2010-07-23,466.3,460.33855400000067,33.69999999999999,1.9709853333339993,1.0,33.69999999999999,-253.10000000000025
2010-07-16,448.15,458.36756866666667,18.150000000000034,11.874001999999109,1.0,18.150000000000034,-286.80000000000024
2010-07-09,456.95,446.49356666666756,-8.800000000000011,-15.581159714285548,-1.0,8.800000000000011,-304.9500000000003
2010-07-02,426.9,462.0747263809531,30.05000000000001,-22.580266285713094,-1.0,-30.05000000000001,-313.7500000000003
2010-06-25,477.2,484.6549926666662,-50.30000000000001,18.723200666666628,1.0,-50.30000000000001,-283.7000000000003
2010-06-18,490.9,465.9317919999996,-13.699999999999989,13.892524285714103,1.0,-13.699999999999989,-233.40000000000026
2010-06-11,448.25,452.0392677142855,42.64999999999998,-12.581627238095734,-1.0,-42.64999999999998,-219.70000000000027
2010-06-04,429.8,464.6208949523812,18.44999999999999,19.276430761904805,1.0,18.44999999999999,-177.0500000000003
2010-05-28,461.85,445.3444641904764,-32.05000000000001,-69.59136580952395,-1.0,32.05000000000001,-195.50000000000028
2010-05-21,438.45,514.9358300000004,23.400000000000034,-97.12007700000049,-1.0,-23.400000000000034,-227.5500000000003
2010-05-14,526.9,612.0559070000008,-88.44999999999999,61.76672199999973,1.0,-88.44999999999999,-204.15000000000026
2010-05-07,509.2,550.2891850000011,17.69999999999999,6.747985000001563,1.0,17.69999999999999,-115.70000000000027
2010-04-30,554.75,543.5411999999995,-45.55000000000001,53.18603933333242,1.0,-45.55000000000001,-133.40000000000026
2010-04-23,562.2,490.35516066666713,-7.4500000000000455,-18.345539333333875,-1.0,7.4500000000000455,-87.85000000000025
2010-04-16,531.35,508.700700000001,30.850000000000023,17.421472000001017,1.0,30.850000000000023,-95.3000000000003
2010-04-09,512.6,491.279228,18.75,32.47055228571469,1.0,18.75,-126.15000000000032
2010-03-26,454.7,458.8086757142853,57.900000000000034,1.4678376190470317,1.0,57.900000000000034,-144.90000000000032
2010-03-19,467.55,457.34083809523827,-12.850000000000023,0.0418134285710039,1.0,-12.850000000000023,-202.80000000000035
2010-03-12,462.25,457.29902466666726,5.300000000000011,16.339245047620125,1.0,5.300000000000011,-189.95000000000033
2010-03-05,475.4,440.95977961904714,-13.149999999999977,-0.2523645714301779,-1.0,13.149999999999977,-195.25000000000034
2010-02-26,432.4,441.2121441904773,43.0,13.130194190477198,1.0,43.0,-208.40000000000032
2010-02-19,442.35,428.0819500000001,-9.950000000000045,7.156503142856707,1.0,-9.950000000000045,-251.40000000000032
2010-02-12,418.15,420.9254468571434,24.200000000000045,-16.362413142857577,-1.0,-24.200000000000045,-241.45000000000027
2010-02-05,398.25,437.287860000001,19.899999999999977,-2.9225213333330657,-1.0,-19.899999999999977,-217.25000000000023
2010-01-29,412.65,440.21038133333406,-14.399999999999977,8.933679333333487,1.0,-14.399999999999977,-197.35000000000025
2010-01-22,439.85,431.27670200000057,-27.200000000000045,19.31182200000012,1.0,-27.200000000000045,-182.95000000000027
2010-01-15,447.5,411.96488000000045,-7.649999999999977,17.614750000000015,1.0,-7.649999999999977,-155.75000000000023
2010-01-08,424.15,394.35013000000043,23.350000000000023,22.75589000000025,1.0,23.350000000000023,-148.10000000000025
2009-12-18,365.8,371.5942400000002,58.349999999999966,-37.35687999999931,-1.0,-58.349999999999966,-171.45000000000027
2009-12-11,360.15,408.9511199999995,5.650000000000034,-43.632535333333635,-1.0,-5.650000000000034,-113.1000000000003
2009-12-04,370.4,452.5836553333331,-10.25,24.844436666666468,1.0,-10.25,-107.45000000000027
2009-11-27,362.65,427.73921866666666,7.75,48.187108666666006,1.0,7.75,-97.20000000000027
2009-11-20,364.0,379.55211000000065,-1.3500000000000227,34.174523333333866,1.0,-1.3500000000000227,-104.95000000000027
2009-11-13,357.45,345.3775866666668,6.550000000000011,15.321986666667271,1.0,6.550000000000011,-103.60000000000025
2009-11-06,331.75,330.0555999999995,25.69999999999999,-10.294996666666975,-1.0,-25.69999999999999,-110.15000000000026
2009-10-30,321.5,340.3505966666665,10.25,-3.7089500000003,-1.0,-10.25,-84.45000000000027
2009-10-23,337.0,344.0595466666668,-15.5,31.242990666666913,1.0,-15.5,-74.20000000000027
2009-10-16,329.85,312.8165559999999,7.149999999999977,15.487442666666595,1.0,7.149999999999977,-58.70000000000027
2009-10-09,323.05,297.3291133333333,6.800000000000011,9.946450666666692,1.0,6.800000000000011,-65.85000000000025
2009-10-02,299.5,287.3826626666666,23.55000000000001,-14.422604476190656,-1.0,-23.55000000000001,-72.65000000000026
2009-09-25,294.55,301.80526714285725,4.949999999999989,4.29158333333379,1.0,4.949999999999989,-49.10000000000025
2009-09-18,304.45,297.51368380952346,-9.899999999999977,-2.2454133333333743,-1.0,9.899999999999977,-54.05000000000024
2009-09-11,294.0,299.75909714285683,10.449999999999989,10.072740476190006,1.0,10.449999999999989,-63.950000000000216
2009-09-04,295.15,289.6863566666668,-1.1499999999999773,6.931226666666589,1.0,-1.1499999999999773,-74.4000000000002
2009-08-28,290.6,282.75513000000024,4.5499999999999545,8.877196666666634,1.0,4.5499999999999545,-73.25000000000023
2009-08-21,282.25,273.8779333333336,8.350000000000023,-0.3106533333328798,-1.0,-8.350000000000023,-77.80000000000018
2009-08-14,276.6,274.1885866666665,5.649999999999977,5.120536666666396,1.0,5.649999999999977,-69.45000000000016
2009-08-07,275.1,269.0680500000001,1.5,7.877748666666605,1.0,1.5,-75.10000000000014
2009-07-31,264.8,261.1903013333335,10.300000000000011,8.910208000000068,1.0,10.300000000000011,-76.60000000000014
2009-07-24,262.95,252.2800933333334,1.8500000000000227,13.055259333333424,1.0,1.8500000000000227,-86.90000000000015
2009-07-17,249.0,239.224834,13.949999999999989,-8.100244666666555,-1.0,-13.949999999999989,-88.75000000000017
2009-07-10,235.45,247.32507866666654,13.550000000000011,-0.2754480000000967,-1.0,-13.550000000000011,-74.80000000000018
2009-07-03,249.5,247.60052666666664,-14.050000000000011,9.29564466666659,1.0,-14.050000000000011,-61.25000000000017
2009-06-26,246.3,238.30488200000005,3.1999999999999886,-8.364708666666672,-1.0,-3.1999999999999886,-47.20000000000016
2009-06-19,244.75,246.66959066666672,1.5500000000000114,-65.19962000000001,-1.0,-1.5500000000000114,-44.00000000000017
2009-06-12,253.05,311.86921066666673,-8.300000000000011,68.426160952381,1.0,-8.300000000000011,-42.45000000000016
2009-06-05,258.3,243.44304971428573,-5.25,7.682627714285815,1.0,-5.25,-34.15000000000015
2009-05-29,236.7,235.76042199999992,21.600000000000023,3.9609253333334493,1.0,21.600000000000023,-28.900000000000148
2009-05-22,233.55,231.79949666666647,3.1499999999999773,-2.465495047619328,-1.0,-3.1499999999999773,-50.50000000000017
2009-05-15,226.85,234.2649917142858,6.700000000000017,15.18609438095254,1.0,6.700000000000017,-47.35000000000019
2009-05-08,242.2,219.07889733333326,-15.349999999999994,-6.356651333333474,-1.0,15.349999999999994,-54.05000000000021
2009-05-01,213.8,225.43554866666673,28.399999999999977,-1.9371626666666373,-1.0,-28.399999999999977,-69.4000000000002
2009-04-24,235.8,227.37271133333337,-22.0,-0.34234933333328854,-1.0,22.0,-41.00000000000023
2009-04-17,235.0,227.71506066666666,0.8000000000000114,16.820009333333246,1.0,0.8000000000000114,-63.00000000000023
2009-04-03,222.0,210.8950513333334,13.0,9.766320000000064,1.0,13.0,-63.80000000000024
2009-03-27,220.0,201.12873133333335,2.0,3.6757386666666605,1.0,2.0,-76.80000000000024
2009-03-20,209.45,197.4529926666667,10.550000000000011,-1.2768633333333241,-1.0,-10.550000000000011,-78.80000000000024
2009-03-13,199.5,198.729856,9.949999999999989,1.8394293333332996,1.0,9.949999999999989,-68.25000000000023
2009-03-06,203.5,196.8904266666667,-4.0,-9.978895333333213,-1.0,4.0,-78.20000000000022
2009-02-27,194.95,206.86932199999993,8.550000000000011,-4.837555333333398,-1.0,-8.550000000000011,-82.20000000000022
2009-02-20,216.55,211.70687733333332,-21.600000000000023,14.668944190476168,1.0,-21.600000000000023,-73.6500000000002
2009-02-13,216.5,197.03793314285716,0.05000000000001137,2.332834476190527,1.0,0.05000000000001137,-52.05000000000018
2009-02-06,214.2,194.70509866666663,2.3000000000000114,5.12700723809516,1.0,2.3000000000000114,-52.10000000000019
2009-01-30,195.8,189.57809142857147,18.399999999999977,2.949954523809538,1.0,18.399999999999977,-54.400000000000205
2009-01-23,196.0,186.62813690476193,-0.19999999999998863,-4.87312080952384,-1.0,0.19999999999998863,-72.80000000000018
2009-01-16,186.35,191.50125771428577,9.650000000000006,-5.2844916190476,-1.0,-9.650000000000006,-73.00000000000017
2009-01-09,192.0,196.78574933333337,-5.650000000000006,11.342642666666734,1.0,-5.650000000000006,-63.350000000000165
2009-01-02,194.15,185.44310666666664,-2.1500000000000057,-0.21548809523812906,-1.0,2.1500000000000057,-57.70000000000016
2008-12-26,175.65,185.65859476190477,18.5,4.241758095238083,1.0,18.5,-59.850000000000165
2008-12-19,177.6,181.41683666666668,-1.9499999999999886,4.346735238095249,1.0,-1.9499999999999886,-78.35000000000016
2008-12-12,174.5,177.07010142857143,3.0999999999999943,-9.253532809523819,-1.0,-3.0999999999999943,-76.40000000000018
2008-12-05,162.75,186.32363423809525,11.75,-13.077707952380933,-1.0,-11.75,-73.30000000000018
2008-11-28,192.45,199.40134219047619,-29.69999999999999,-13.017393142857259,-1.0,29.69999999999999,-61.55000000000018
2008-11-21,178.15,212.41873533333344,14.299999999999983,-4.773803999999984,-1.0,-14.299999999999983,-91.25000000000017
2008-11-14,215.95,217.19253933333343,-37.79999999999998,13.255434000000122,1.0,-37.79999999999998,-76.95000000000019
2008-11-07,223.3,203.9371053333333,-7.350000000000023,16.055442666666693,1.0,-7.350000000000023,-39.150000000000205
2008-10-31,198.55,187.8816626666666,24.75,-0.5596958571428843,-1.0,-24.75,-31.800000000000182
2008-10-24,171.0,188.4413585238095,27.55000000000001,-14.753906142857204,-1.0,-27.55000000000001,-7.050000000000182
2008-10-17,177.95,203.1952646666667,-6.949999999999989,-3.818450000000041,-1.0,6.949999999999989,20.49999999999983
2008-10-10,194.0,207.01371466666674,-16.05000000000001,-25.72289533333327,-1.0,16.05000000000001,13.54999999999984
2008-10-03,205.0,232.73661,-11.0,-99.14941747619062,-1.0,11.0,-2.5000000000001705
2008-09-26,224.55,331.88602747619063,-19.55000000000001,8.439319999999896,1.0,-19.55000000000001,-13.50000000000017
2008-09-19,232.3,323.44670747619074,-7.75,-170.37352004761925,-1.0,7.75,6.049999999999841
2008-09-12,241.9,493.82022752381,-9.599999999999994,169.46738800000026,1.0,-9.599999999999994,-1.7000000000001592
2008-09-05,271.6,324.35283952380973,-29.700000000000017,11.764986190476407,1.0,-29.700000000000017,7.899999999999835
2008-08-29,302.45,312.5878533333333,-30.849999999999966,-4.341990500000236,-1.0,30.849999999999966,37.59999999999985
2008-08-22,285.0,316.92984383333356,17.44999999999999,-41.634856928571764,-1.0,-17.44999999999999,6.749999999999886
2008-08-15,285.15,358.5647007619053,-0.14999999999997726,-10.505120238095344,-1.0,0.14999999999997726,24.199999999999875
2008-08-08,329.0,369.0698210000007,-43.85000000000002,-14.64714166666647,-1.0,43.85000000000002,24.049999999999898
2008-08-01,371.0,383.71696266666714,-42.0,-19.98717099999999,-1.0,42.0,-19.800000000000125
2008-07-25,386.95,403.70413366666713,-15.949999999999989,-45.738589666666485,-1.0,15.949999999999989,-61.800000000000125
2008-07-18,412.3,449.4427233333336,-25.350000000000023,10.937394666666819,1.0,-25.350000000000023,-77.75000000000011
2008-07-11,455.3,438.5053286666668,-43.0,-11.097189166666283,-1.0,43.0,-52.40000000000009
2008-07-04,459.7,449.6025178333331,-4.399999999999977,-4.9645474999996395,-1.0,4.399999999999977,-95.40000000000009
2008-06-27,470.0,454.5670653333327,-10.300000000000011,8.564928690475995,1.0,-10.300000000000011,-99.80000000000007
2008-06-20,474.25,446.0021366428567,-4.25,-1.075100190476462,-1.0,4.25,-89.50000000000006
2008-06-13,452.7,447.0772368333332,21.55000000000001,15.826486833332808,1.0,21.55000000000001,-93.75000000000006
2008-06-06,433.0,431.2507500000004,19.69999999999999,-14.56189933333269,-1.0,-19.69999999999999,-115.30000000000007
2008-05-30,436.2,445.81264933333307,-3.1999999999999886,21.154995666665968,1.0,-3.1999999999999886,-95.60000000000008
2008-05-23,454.6,424.6576536666671,-18.400000000000034,-9.0786016666666,-1.0,18.400000000000034,-92.40000000000009
2008-05-16,447.2,433.7362553333337,7.400000000000034,10.963522666666677,1.0,7.400000000000034,-110.80000000000013
2008-05-09,445.25,422.772732666667,1.9499999999999886,-15.636339333333297,-1.0,-1.9499999999999886,-118.20000000000016
2008-05-02,419.5,438.4090720000003,25.75,-18.37813799999975,-1.0,-25.75,-116.25000000000017
2008-04-25,442.4,456.7872100000001,-22.899999999999977,-1.331830833333413,-1.0,22.899999999999977,-90.50000000000017
2008-04-18,460.0,458.1190408333335,-17.600000000000023,-1.8684568333330844,-1.0,17.600000000000023,-113.40000000000015
2008-04-11,472.25,459.98749766666657,-12.25,14.722828666666942,1.0,-12.25,-131.00000000000017
2008-04-04,444.35,445.2646689999996,27.899999999999977,1.9072583571421546,1.0,27.899999999999977,-118.75000000000017
2008-03-28,444.4,443.3574106428575,-0.049999999999954525,-52.71637469047636,-1.0,0.049999999999954525,-146.65000000000015
2008-03-14,511.7,496.07378533333383,-67.30000000000001,-39.66375699999878,-1.0,67.30000000000001,-146.7000000000001
2008-03-07,491.8,535.7375423333326,19.899999999999977,50.8972456666657,1.0,19.899999999999977,-214.0000000000001
2008-02-29,571.95,484.8402966666669,-80.15000000000003,70.2228743333335,1.0,-80.15000000000003,-233.9000000000001
2008-02-22,515.85,414.6174223333334,56.10000000000002,-0.7632623333331594,-1.0,-56.10000000000002,-153.75000000000006
2008-02-15,451.7,415.3806846666666,64.15000000000003,-4.97468533333398,-1.0,-64.15000000000003,-97.65000000000003
2008-02-08,440.85,420.35537000000056,10.849999999999966,24.836222666667027,1.0,10.849999999999966,-33.5
2008-02-01,417.05,395.51914733333354,23.80000000000001,10.981522666666535,1.0,23.80000000000001,-44.349999999999966
2008-01-25,385.45,384.537624666667,31.600000000000023,0.8638999999997168,1.0,31.600000000000023,-68.14999999999998
2008-01-18,375.05,383.6737246666673,10.399999999999977,4.727872666666883,1.0,10.399999999999977,-99.75
2008-01-11,381.3,378.9458520000004,-6.25,14.58611580952413,1.0,-6.25,-110.14999999999998
2008-01-04,377.75,364.35973619047627,3.5500000000000114,9.964473285714348,1.0,3.5500000000000114,-103.89999999999998
2007-12-28,370.05,354.3952629047619,7.699999999999989,2.1676976666670384,1.0,7.699999999999989,-107.44999999999999
2007-12-21,357.65,352.2275652380949,12.400000000000034,2.10638266666615,1.0,12.400000000000034,-115.14999999999998
2007-12-14,353.5,350.12118257142873,4.149999999999977,-2.767536404761131,-1.0,-4.149999999999977,-127.55000000000001
2007-12-07,343.3,352.88871897618986,10.199999999999989,-49.407065357143836,-1.0,-10.199999999999989,-123.40000000000003
2007-11-30,348.65,402.2957843333337,-5.349999999999966,29.11427900000058,1.0,-5.349999999999966,-113.20000000000005
2007-11-23,361.5,373.1815053333331,-12.850000000000023,-25.032691619048137,-1.0,12.850000000000023,-107.85000000000008
2007-11-16,365.85,398.21419695238126,-4.350000000000023,26.066528285714924,1.0,-4.350000000000023,-120.7000000000001
2007-11-09,376.25,372.14766866666633,-10.399999999999977,9.817020992063476,1.0,-10.399999999999977,-116.35000000000008
2007-11-02,377.4,362.33064767460286,-1.1499999999999773,-5.5019620158731755,-1.0,1.1499999999999773,-105.9500000000001
2007-10-26,375.75,367.83260969047603,1.6499999999999773,1.1851477857144914,1.0,1.6499999999999773,-107.10000000000008
2007-10-19,372.5,366.64746190476154,3.25,22.770636761904314,1.0,3.25,-108.75000000000006
2007-10-12,379.5,343.87682514285723,-7.0,0.11805740476188475,1.0,-7.0,-112.00000000000006
2007-10-05,369.5,343.75876773809534,10.0,2.20652590476152,1.0,10.0,-105.00000000000006
2007-09-28,351.95,341.5522418333338,17.55000000000001,-2.808457666666527,-1.0,-17.55000000000001,-115.00000000000006
2007-09-21,339.05,344.36069950000035,12.899999999999977,1.0471515000002114,1.0,12.899999999999977,-97.45000000000005
2007-09-14,330.0,343.31354800000014,9.050000000000011,-0.6340470238092735,-1.0,-9.050000000000011,-110.35000000000002
2007-09-07,336.55,343.9475950238094,-6.550000000000011,7.049570468253592,1.0,-6.550000000000011,-101.30000000000001
2007-08-31,333.5,336.8980245555558,3.0500000000000114,-8.761077944444082,-1.0,-3.0500000000000114,-94.75
2007-08-24,331.8,345.6591024999999,1.6999999999999886,-25.021347500000275,-1.0,-1.6999999999999886,-91.69999999999999
2007-08-17,329.75,370.6804500000002,2.0500000000000114,-2.338975142857464,-1.0,-2.0500000000000114,-90.0
2007-08-10,358.2,373.01942514285764,-28.44999999999999,-1.0289399999998068,-1.0,28.44999999999999,-87.94999999999999
2007-08-03,367.05,374.04836514285745,-8.850000000000023,0.30240666666634297,1.0,-8.850000000000023,-116.39999999999998
2007-07-27,363.7,373.7459584761911,3.3500000000000227,1.8695607619050065,1.0,3.3500000000000227,-107.54999999999995
2007-07-20,374.75,371.8763977142861,-11.050000000000011,0.1953596666667181,1.0,-11.050000000000011,-110.89999999999998
2007-07-13,371.45,371.6810380476194,3.3000000000000114,2.0989598571429724,1.0,3.3000000000000114,-99.84999999999997
2007-07-06,368.95,369.5820781904764,2.5,-4.955841904762053,-1.0,-2.5,-103.14999999999998
2007-06-29,368.5,374.53792009523846,0.44999999999998863,4.832617730158859,1.0,0.44999999999998863,-100.64999999999998
2007-06-22,377.85,369.7053023650796,-9.350000000000023,0.7590297936507682,1.0,-9.350000000000023,-101.09999999999997
2007-06-15,369.25,368.94627257142884,8.600000000000023,-1.2032885238093058,-1.0,-8.600000000000023,-91.74999999999994
2007-06-08,365.6,370.14956109523814,3.6499999999999773,-0.11299842857152953,-1.0,-3.6499999999999773,-83.14999999999992
2007-06-01,372.2,370.26255952380967,-6.599999999999966,0.5134042857142731,1.0,-6.599999999999966,-79.49999999999994
2007-05-25,367.8,369.7491552380954,4.399999999999977,-0.7133378412697198,-1.0,-4.399999999999977,-72.89999999999998
2007-05-18,365.25,370.4624930793651,2.5500000000000114,-7.526918492063885,-1.0,-2.5500000000000114,-68.5
2007-05-11,368.65,377.989411571429,-3.3999999999999773,2.1514076666668416,1.0,-3.3999999999999773,-65.94999999999999
2007-05-04,377.0,375.83800390476216,-8.350000000000023,-0.35912461904763404,-1.0,8.350000000000023,-62.55000000000001
2007-04-27,374.45,376.1971285238098,2.5500000000000114,9.878474563491977,1.0,2.5500000000000114,-70.90000000000003
2007-04-20,388.25,366.3186539603178,-13.800000000000011,10.1953360555558,1.0,-13.800000000000011,-73.45000000000005
2007-04-13,381.05,356.123317904762,7.199999999999989,6.639609690476391,1.0,7.199999999999989,-59.650000000000034
2007-03-30,357.25,349.4837082142856,23.80000000000001,-1.4032326666670656,-1.0,-23.80000000000001,-66.85000000000002
2007-03-23,355.8,350.8869408809527,1.4499999999999886,-0.7852631190474995,-1.0,-1.4499999999999886,-43.05000000000001
2007-03-16,348.1,351.6722040000002,7.699999999999989,3.2239981904760953,1.0,7.699999999999989,-41.60000000000002
2007-03-09,352.0,348.4482058095241,-3.8999999999999773,-2.7634285238094662,-1.0,3.8999999999999773,-49.30000000000001
2007-03-02,346.1,351.21163433333356,5.899999999999977,8.359142809524428,1.0,5.899999999999977,-53.19999999999999
2007-02-23,358.1,342.85249152380914,-12.0,-3.899296428571745,-1.0,12.0,-59.099999999999966
2007-02-16,341.8,346.7517879523809,16.30000000000001,2.2077230952382365,1.0,16.30000000000001,-71.09999999999997
2007-02-09,341.65,344.54406485714264,0.1500000000000341,-1.256735285714342,-1.0,-0.1500000000000341,-87.39999999999998
2007-02-02,338.25,345.800800142857,3.3999999999999773,2.449899619047528,1.0,3.3999999999999773,-87.24999999999994
2007-01-26,350.95,343.35090052380946,-12.699999999999989,7.965233357143063,1.0,-12.699999999999989,-90.64999999999992
2007-01-19,344.9,335.3856671666664,6.050000000000011,-0.963454500000239,-1.0,-6.050000000000011,-77.94999999999993
2007-01-12,334.95,336.34912166666663,9.949999999999989,6.24185659523846,1.0,9.949999999999989,-71.89999999999992
2007-01-05,335.1,330.1072650714282,-0.1500000000000341,4.0461101428565485,1.0,-0.1500000000000341,-81.84999999999991
2006-12-29,338.5,326.0611549285716,-3.3999999999999773,1.7276163095239099,1.0,-3.3999999999999773,-81.69999999999987
2006-12-22,322.7,324.3335386190477,15.800000000000011,-3.1217561785709904,-1.0,-15.800000000000011,-78.2999999999999
2006-12-15,321.05,327.4552947976187,1.6499999999999773,0.37550311904720957,1.0,1.6499999999999773,-62.499999999999886
2006-12-08,329.55,327.0797916785715,-8.5,0.6821252261905784,1.0,-8.5,-64.14999999999986
2006-12-01,327.75,326.3976664523809,1.8000000000000114,3.264916988095024,1.0,1.8000000000000114,-55.649999999999864
2006-11-24,326.0,323.1327494642859,1.75,-7.3271049166663715,-1.0,-1.75,-57.449999999999875
2006-11-17,317.95,330.45985438095227,8.050000000000011,-1.4324458095235855,-1.0,-8.050000000000011,-55.699999999999875
2006-11-10,330.7,331.89230019047585,-12.75,9.703412107142185,1.0,-12.75,-47.649999999999864
2006-11-03,335.1,322.18888808333367,-4.400000000000034,-2.605371488095159,-1.0,4.400000000000034,-34.899999999999864
2006-10-27,323.0,324.7942595714288,12.100000000000023,3.3673111190475424,1.0,12.100000000000023,-39.2999999999999
2006-10-20,330.5,321.4269484523813,-7.5,-14.13923719047608,-1.0,7.5,-51.39999999999992
2006-10-13,315.95,335.56618564285736,14.550000000000011,-2.0524081666666234,-1.0,-14.550000000000011,-58.89999999999992
2006-10-06,300.25,337.618593809524,15.699999999999989,17.26699454761922,1.0,15.699999999999989,-44.34999999999991
2006-09-29,316.4,320.35159926190477,-16.149999999999977,7.437795261904796,1.0,-16.149999999999977,-60.0499999999999
2006-09-22,317.85,312.91380399999997,-1.4500000000000455,-4.051563357142925,-1.0,1.4500000000000455,-43.89999999999992
2006-09-15,310.6,316.9653673571429,7.25,-21.723264952381385,-1.0,-7.25,-45.349999999999966
2006-09-08,328.6,338.6886323095243,-18.0,-1.3739183809518636,-1.0,18.0,-38.099999999999966
2006-09-01,344.1,340.06255069047614,-15.5,2.2458336904767293,1.0,-15.5,-56.099999999999966
2006-08-25,345.8,337.8167169999994,-1.6999999999999886,14.245784119046675,1.0,-1.6999999999999886,-40.599999999999966
2006-08-18,334.3,323.57093288095274,11.5,-0.9224656666663691,-1.0,-11.5,-38.89999999999998
2006-08-11,322.3,324.4933985476191,12.0,5.424871190476324,1.0,12.0,-27.399999999999977
2006-08-04,327.5,319.0685273571428,-5.199999999999989,-0.19225092857152504,-1.0,5.199999999999989,-39.39999999999998
2006-07-28,314.15,319.2607782857143,13.350000000000023,-4.828634095238101,-1.0,-13.350000000000023,-44.599999999999966
2006-07-21,311.8,324.0894123809524,2.349999999999966,-2.284791880952696,-1.0,-2.349999999999966,-31.249999999999943
2006-07-14,334.5,326.3742042619051,-22.69999999999999,8.202911904762175,1.0,-22.69999999999999,-28.899999999999977
2006-07-07,329.15,318.17129235714293,5.350000000000023,4.29789871428585,1.0,5.350000000000023,-6.199999999999989
2006-06-30,323.5,313.8733936428571,5.649999999999977,7.8690138333329855,1.0,5.649999999999977,-11.550000000000011
2006-06-23,306.3,306.0043798095241,17.19999999999999,-8.334468690476001,-1.0,-17.19999999999999,-17.19999999999999
2006-06-16,302.05,314.3388485000001,4.25,,,,
